# Two apps in two slots, chosen at runtime and swapped with esp_ota_set_boot_partition.
#
# The emulator has no business carrying WiFi, and WiFi has no business fitting
# around the emulator's buffers: they want the same internal RAM. So the emulator
# lives in ota_0 and the ROM manager, which is tiny, in ota_1. The SD card - and
# therefore the ROMs, saves and config - is common to both.
#
# otadata is what records which slot to boot; without it the switch does nothing.
#
# Name,    Type, SubType,  Offset,   Size,     Flags
otadata,   data, ota,      0x9000,   0x2000,
nvs,       data, nvs,      0xb000,   0x6000,
phy_init,  data, phy,      0x11000,  0x1000,
ota_0,     app,  ota_0,    0x20000,  0x200000,
ota_1,     app,  ota_1,    0x220000, 0x200000,
